Date_Key,Full_Date,Day_Name,Month,Month_Number,Quarter,Year,Weekday_Weekend
1,2023-06-09,Friday,June,6,Q2,2023,Weekday
2,2023-06-10,Saturday,June,6,Q2,2023,Weekend
3,2023-06-11,Sunday,June,6,Q2,2023,Weekend
4,2023-06-12,Monday,June,6,Q2,2023,Weekday
5,2023-06-13,Tuesday,June,6,Q2,2023,Weekday
6,2023-06-14,Wednesday,June,6,Q2,2023,Weekday
7,2023-06-15,Thursday,June,6,Q2,2023,Weekday
8,2023-06-16,Friday,June,6,Q2,2023,Weekday
9,2023-06-17,Saturday,June,6,Q2,2023,Weekend
10,2023-06-18,Sunday,June,6,Q2,2023,Weekend
11,2023-06-19,Monday,June,6,Q2,2023,Weekday
12,2023-06-20,Tuesday,June,6,Q2,2023,Weekday
13,2023-06-21,Wednesday,June,6,Q2,2023,Weekday
14,2023-06-22,Thursday,June,6,Q2,2023,Weekday
15,2023-06-23,Friday,June,6,Q2,2023,Weekday
16,2023-06-24,Saturday,June,6,Q2,2023,Weekend
17,2023-06-25,Sunday,June,6,Q2,2023,Weekend
18,2023-06-26,Monday,June,6,Q2,2023,Weekday
19,2023-06-27,Tuesday,June,6,Q2,2023,Weekday
20,2023-06-28,Wednesday,June,6,Q2,2023,Weekday
21,2023-06-29,Thursday,June,6,Q2,2023,Weekday
22,2023-06-30,Friday,June,6,Q2,2023,Weekday
23,2023-07-01,Saturday,July,7,Q3,2023,Weekend
24,2023-07-02,Sunday,July,7,Q3,2023,Weekend
25,2023-07-03,Monday,July,7,Q3,2023,Weekday
26,2023-07-04,Tuesday,July,7,Q3,2023,Weekday
27,2023-07-05,Wednesday,July,7,Q3,2023,Weekday
28,2023-07-06,Thursday,July,7,Q3,2023,Weekday
29,2023-07-07,Friday,July,7,Q3,2023,Weekday
30,2023-07-08,Saturday,July,7,Q3,2023,Weekend
31,2023-07-09,Sunday,July,7,Q3,2023,Weekend
32,2023-07-10,Monday,July,7,Q3,2023,Weekday
33,2023-07-11,Tuesday,July,7,Q3,2023,Weekday
34,2023-07-12,Wednesday,July,7,Q3,2023,Weekday
35,2023-07-13,Thursday,July,7,Q3,2023,Weekday
36,2023-07-14,Friday,July,7,Q3,2023,Weekday
37,2023-07-15,Saturday,July,7,Q3,2023,Weekend
38,2023-07-16,Sunday,July,7,Q3,2023,Weekend
39,2023-07-17,Monday,July,7,Q3,2023,Weekday
40,2023-07-18,Tuesday,July,7,Q3,2023,Weekday
41,2023-07-19,Wednesday,July,7,Q3,2023,Weekday
42,2023-07-20,Thursday,July,7,Q3,2023,Weekday
43,2023-07-21,Friday,July,7,Q3,2023,Weekday
44,2023-07-22,Saturday,July,7,Q3,2023,Weekend
45,2023-07-23,Sunday,July,7,Q3,2023,Weekend
46,2023-07-24,Monday,July,7,Q3,2023,Weekday
47,2023-07-25,Tuesday,July,7,Q3,2023,Weekday
48,2023-07-26,Wednesday,July,7,Q3,2023,Weekday
49,2023-07-27,Thursday,July,7,Q3,2023,Weekday
50,2023-07-28,Friday,July,7,Q3,2023,Weekday
51,2023-07-29,Saturday,July,7,Q3,2023,Weekend
52,2023-07-30,Sunday,July,7,Q3,2023,Weekend
53,2023-07-31,Monday,July,7,Q3,2023,Weekday
54,2023-08-01,Tuesday,August,8,Q3,2023,Weekday
55,2023-08-02,Wednesday,August,8,Q3,2023,Weekday
56,2023-08-03,Thursday,August,8,Q3,2023,Weekday
57,2023-08-04,Friday,August,8,Q3,2023,Weekday
58,2023-08-05,Saturday,August,8,Q3,2023,Weekend
59,2023-08-06,Sunday,August,8,Q3,2023,Weekend
60,2023-08-07,Monday,August,8,Q3,2023,Weekday
61,2023-08-08,Tuesday,August,8,Q3,2023,Weekday
62,2023-08-09,Wednesday,August,8,Q3,2023,Weekday
63,2023-08-10,Thursday,August,8,Q3,2023,Weekday
64,2023-08-11,Friday,August,8,Q3,2023,Weekday
65,2023-08-12,Saturday,August,8,Q3,2023,Weekend
66,2023-08-13,Sunday,August,8,Q3,2023,Weekend
67,2023-08-14,Monday,August,8,Q3,2023,Weekday
68,2023-08-15,Tuesday,August,8,Q3,2023,Weekday
69,2023-08-16,Wednesday,August,8,Q3,2023,Weekday
70,2023-08-17,Thursday,August,8,Q3,2023,Weekday
71,2023-08-18,Friday,August,8,Q3,2023,Weekday
72,2023-08-19,Saturday,August,8,Q3,2023,Weekend
73,2023-08-20,Sunday,August,8,Q3,2023,Weekend
74,2023-08-21,Monday,August,8,Q3,2023,Weekday
75,2023-08-22,Tuesday,August,8,Q3,2023,Weekday
76,2023-08-23,Wednesday,August,8,Q3,2023,Weekday
77,2023-08-24,Thursday,August,8,Q3,2023,Weekday
78,2023-08-25,Friday,August,8,Q3,2023,Weekday
79,2023-08-26,Saturday,August,8,Q3,2023,Weekend
80,2023-08-27,Sunday,August,8,Q3,2023,Weekend
81,2023-08-28,Monday,August,8,Q3,2023,Weekday
82,2023-08-29,Tuesday,August,8,Q3,2023,Weekday
83,2023-08-30,Wednesday,August,8,Q3,2023,Weekday
84,2023-08-31,Thursday,August,8,Q3,2023,Weekday
85,2023-09-01,Friday,September,9,Q3,2023,Weekday
86,2023-09-02,Saturday,September,9,Q3,2023,Weekend
87,2023-09-03,Sunday,September,9,Q3,2023,Weekend
88,2023-09-04,Monday,September,9,Q3,2023,Weekday
89,2023-09-05,Tuesday,September,9,Q3,2023,Weekday
90,2023-09-06,Wednesday,September,9,Q3,2023,Weekday
91,2023-09-07,Thursday,September,9,Q3,2023,Weekday
92,2023-09-08,Friday,September,9,Q3,2023,Weekday
93,2023-09-09,Saturday,September,9,Q3,2023,Weekend
94,2023-09-10,Sunday,September,9,Q3,2023,Weekend
95,2023-09-11,Monday,September,9,Q3,2023,Weekday
96,2023-09-12,Tuesday,September,9,Q3,2023,Weekday
97,2023-09-13,Wednesday,September,9,Q3,2023,Weekday
98,2023-09-14,Thursday,September,9,Q3,2023,Weekday
99,2023-09-15,Friday,September,9,Q3,2023,Weekday
100,2023-09-16,Saturday,September,9,Q3,2023,Weekend
101,2023-09-17,Sunday,September,9,Q3,2023,Weekend
102,2023-09-18,Monday,September,9,Q3,2023,Weekday
103,2023-09-19,Tuesday,September,9,Q3,2023,Weekday
104,2023-09-20,Wednesday,September,9,Q3,2023,Weekday
105,2023-09-21,Thursday,September,9,Q3,2023,Weekday
106,2023-09-22,Friday,September,9,Q3,2023,Weekday
107,2023-09-23,Saturday,September,9,Q3,2023,Weekend
108,2023-09-24,Sunday,September,9,Q3,2023,Weekend
109,2023-09-25,Monday,September,9,Q3,2023,Weekday
110,2023-09-26,Tuesday,September,9,Q3,2023,Weekday
111,2023-09-27,Wednesday,September,9,Q3,2023,Weekday
112,2023-09-28,Thursday,September,9,Q3,2023,Weekday
113,2023-09-29,Friday,September,9,Q3,2023,Weekday
114,2023-09-30,Saturday,September,9,Q3,2023,Weekend
115,2023-10-01,Sunday,October,10,Q4,2023,Weekend
116,2023-10-02,Monday,October,10,Q4,2023,Weekday
117,2023-10-03,Tuesday,October,10,Q4,2023,Weekday
118,2023-10-04,Wednesday,October,10,Q4,2023,Weekday
119,2023-10-05,Thursday,October,10,Q4,2023,Weekday
120,2023-10-06,Friday,October,10,Q4,2023,Weekday
121,2023-10-07,Saturday,October,10,Q4,2023,Weekend
122,2023-10-08,Sunday,October,10,Q4,2023,Weekend
123,2023-10-09,Monday,October,10,Q4,2023,Weekday
124,2023-10-10,Tuesday,October,10,Q4,2023,Weekday
125,2023-10-11,Wednesday,October,10,Q4,2023,Weekday
126,2023-10-12,Thursday,October,10,Q4,2023,Weekday
127,2023-10-13,Friday,October,10,Q4,2023,Weekday
128,2023-10-14,Saturday,October,10,Q4,2023,Weekend
129,2023-10-15,Sunday,October,10,Q4,2023,Weekend
130,2023-10-16,Monday,October,10,Q4,2023,Weekday
131,2023-10-17,Tuesday,October,10,Q4,2023,Weekday
132,2023-10-18,Wednesday,October,10,Q4,2023,Weekday
133,2023-10-19,Thursday,October,10,Q4,2023,Weekday
134,2023-10-20,Friday,October,10,Q4,2023,Weekday
135,2023-10-21,Saturday,October,10,Q4,2023,Weekend
136,2023-10-22,Sunday,October,10,Q4,2023,Weekend
137,2023-10-23,Monday,October,10,Q4,2023,Weekday
138,2023-10-24,Tuesday,October,10,Q4,2023,Weekday
139,2023-10-25,Wednesday,October,10,Q4,2023,Weekday
140,2023-10-26,Thursday,October,10,Q4,2023,Weekday
141,2023-10-27,Friday,October,10,Q4,2023,Weekday
142,2023-10-28,Saturday,October,10,Q4,2023,Weekend
143,2023-10-29,Sunday,October,10,Q4,2023,Weekend
144,2023-10-30,Monday,October,10,Q4,2023,Weekday
145,2023-10-31,Tuesday,October,10,Q4,2023,Weekday
146,2023-11-01,Wednesday,November,11,Q4,2023,Weekday
147,2023-11-02,Thursday,November,11,Q4,2023,Weekday
148,2023-11-03,Friday,November,11,Q4,2023,Weekday
149,2023-11-04,Saturday,November,11,Q4,2023,Weekend
150,2023-11-05,Sunday,November,11,Q4,2023,Weekend
151,2023-11-06,Monday,November,11,Q4,2023,Weekday
152,2023-11-07,Tuesday,November,11,Q4,2023,Weekday
153,2023-11-08,Wednesday,November,11,Q4,2023,Weekday
154,2023-11-09,Thursday,November,11,Q4,2023,Weekday
155,2023-11-10,Friday,November,11,Q4,2023,Weekday
156,2023-11-11,Saturday,November,11,Q4,2023,Weekend
157,2023-11-12,Sunday,November,11,Q4,2023,Weekend
158,2023-11-13,Monday,November,11,Q4,2023,Weekday
159,2023-11-14,Tuesday,November,11,Q4,2023,Weekday
160,2023-11-15,Wednesday,November,11,Q4,2023,Weekday
161,2023-11-16,Thursday,November,11,Q4,2023,Weekday
162,2023-11-17,Friday,November,11,Q4,2023,Weekday
163,2023-11-18,Saturday,November,11,Q4,2023,Weekend
164,2023-11-19,Sunday,November,11,Q4,2023,Weekend
165,2023-11-20,Monday,November,11,Q4,2023,Weekday
166,2023-11-21,Tuesday,November,11,Q4,2023,Weekday
167,2023-11-22,Wednesday,November,11,Q4,2023,Weekday
168,2023-11-23,Thursday,November,11,Q4,2023,Weekday
169,2023-11-24,Friday,November,11,Q4,2023,Weekday
170,2023-11-25,Saturday,November,11,Q4,2023,Weekend
171,2023-11-26,Sunday,November,11,Q4,2023,Weekend
172,2023-11-27,Monday,November,11,Q4,2023,Weekday
173,2023-11-28,Tuesday,November,11,Q4,2023,Weekday
174,2023-11-29,Wednesday,November,11,Q4,2023,Weekday
175,2023-11-30,Thursday,November,11,Q4,2023,Weekday
176,2023-12-01,Friday,December,12,Q4,2023,Weekday
177,2023-12-02,Saturday,December,12,Q4,2023,Weekend
178,2023-12-03,Sunday,December,12,Q4,2023,Weekend
179,2023-12-04,Monday,December,12,Q4,2023,Weekday
180,2023-12-05,Tuesday,December,12,Q4,2023,Weekday
181,2023-12-06,Wednesday,December,12,Q4,2023,Weekday
182,2023-12-07,Thursday,December,12,Q4,2023,Weekday
183,2023-12-08,Friday,December,12,Q4,2023,Weekday
184,2023-12-09,Saturday,December,12,Q4,2023,Weekend
185,2023-12-10,Sunday,December,12,Q4,2023,Weekend
186,2023-12-11,Monday,December,12,Q4,2023,Weekday
187,2023-12-12,Tuesday,December,12,Q4,2023,Weekday
188,2023-12-13,Wednesday,December,12,Q4,2023,Weekday
189,2023-12-14,Thursday,December,12,Q4,2023,Weekday
190,2023-12-15,Friday,December,12,Q4,2023,Weekday
191,2023-12-16,Saturday,December,12,Q4,2023,Weekend
192,2023-12-17,Sunday,December,12,Q4,2023,Weekend
193,2023-12-18,Monday,December,12,Q4,2023,Weekday
194,2023-12-19,Tuesday,December,12,Q4,2023,Weekday
195,2023-12-20,Wednesday,December,12,Q4,2023,Weekday
196,2023-12-21,Thursday,December,12,Q4,2023,Weekday
197,2023-12-22,Friday,December,12,Q4,2023,Weekday
198,2023-12-23,Saturday,December,12,Q4,2023,Weekend
199,2023-12-24,Sunday,December,12,Q4,2023,Weekend
200,2023-12-25,Monday,December,12,Q4,2023,Weekday
201,2023-12-26,Tuesday,December,12,Q4,2023,Weekday
202,2023-12-27,Wednesday,December,12,Q4,2023,Weekday
203,2023-12-28,Thursday,December,12,Q4,2023,Weekday
204,2023-12-29,Friday,December,12,Q4,2023,Weekday
205,2023-12-30,Saturday,December,12,Q4,2023,Weekend
206,2023-12-31,Sunday,December,12,Q4,2023,Weekend
207,2024-01-01,Monday,January,1,Q1,2024,Weekday
208,2024-01-02,Tuesday,January,1,Q1,2024,Weekday
209,2024-01-03,Wednesday,January,1,Q1,2024,Weekday
210,2024-01-04,Thursday,January,1,Q1,2024,Weekday
211,2024-01-05,Friday,January,1,Q1,2024,Weekday
212,2024-01-06,Saturday,January,1,Q1,2024,Weekend
213,2024-01-07,Sunday,January,1,Q1,2024,Weekend
214,2024-01-08,Monday,January,1,Q1,2024,Weekday
215,2024-01-09,Tuesday,January,1,Q1,2024,Weekday
216,2024-01-10,Wednesday,January,1,Q1,2024,Weekday
217,2024-01-11,Thursday,January,1,Q1,2024,Weekday
218,2024-01-12,Friday,January,1,Q1,2024,Weekday
219,2024-01-13,Saturday,January,1,Q1,2024,Weekend
220,2024-01-14,Sunday,January,1,Q1,2024,Weekend
221,2024-01-15,Monday,January,1,Q1,2024,Weekday
222,2024-01-16,Tuesday,January,1,Q1,2024,Weekday
223,2024-01-17,Wednesday,January,1,Q1,2024,Weekday
224,2024-01-18,Thursday,January,1,Q1,2024,Weekday
225,2024-01-19,Friday,January,1,Q1,2024,Weekday
226,2024-01-20,Saturday,January,1,Q1,2024,Weekend
227,2024-01-21,Sunday,January,1,Q1,2024,Weekend
228,2024-01-22,Monday,January,1,Q1,2024,Weekday
229,2024-01-23,Tuesday,January,1,Q1,2024,Weekday
230,2024-01-24,Wednesday,January,1,Q1,2024,Weekday
231,2024-01-25,Thursday,January,1,Q1,2024,Weekday
232,2024-01-26,Friday,January,1,Q1,2024,Weekday
233,2024-01-27,Saturday,January,1,Q1,2024,Weekend
234,2024-01-28,Sunday,January,1,Q1,2024,Weekend
235,2024-01-29,Monday,January,1,Q1,2024,Weekday
236,2024-01-30,Tuesday,January,1,Q1,2024,Weekday
237,2024-01-31,Wednesday,January,1,Q1,2024,Weekday
238,2024-02-01,Thursday,February,2,Q1,2024,Weekday
239,2024-02-02,Friday,February,2,Q1,2024,Weekday
240,2024-02-03,Saturday,February,2,Q1,2024,Weekend
241,2024-02-04,Sunday,February,2,Q1,2024,Weekend
242,2024-02-05,Monday,February,2,Q1,2024,Weekday
243,2024-02-06,Tuesday,February,2,Q1,2024,Weekday
244,2024-02-07,Wednesday,February,2,Q1,2024,Weekday
245,2024-02-08,Thursday,February,2,Q1,2024,Weekday
246,2024-02-09,Friday,February,2,Q1,2024,Weekday
247,2024-02-10,Saturday,February,2,Q1,2024,Weekend
248,2024-02-11,Sunday,February,2,Q1,2024,Weekend
249,2024-02-12,Monday,February,2,Q1,2024,Weekday
250,2024-02-13,Tuesday,February,2,Q1,2024,Weekday
251,2024-02-14,Wednesday,February,2,Q1,2024,Weekday
252,2024-02-15,Thursday,February,2,Q1,2024,Weekday
253,2024-02-16,Friday,February,2,Q1,2024,Weekday
254,2024-02-17,Saturday,February,2,Q1,2024,Weekend
255,2024-02-18,Sunday,February,2,Q1,2024,Weekend
256,2024-02-19,Monday,February,2,Q1,2024,Weekday
257,2024-02-20,Tuesday,February,2,Q1,2024,Weekday
258,2024-02-21,Wednesday,February,2,Q1,2024,Weekday
259,2024-02-22,Thursday,February,2,Q1,2024,Weekday
260,2024-02-23,Friday,February,2,Q1,2024,Weekday
261,2024-02-24,Saturday,February,2,Q1,2024,Weekend
262,2024-02-25,Sunday,February,2,Q1,2024,Weekend
263,2024-02-26,Monday,February,2,Q1,2024,Weekday
264,2024-02-27,Tuesday,February,2,Q1,2024,Weekday
265,2024-02-28,Wednesday,February,2,Q1,2024,Weekday
266,2024-02-29,Thursday,February,2,Q1,2024,Weekday
267,2024-03-01,Friday,March,3,Q1,2024,Weekday
268,2024-03-02,Saturday,March,3,Q1,2024,Weekend
269,2024-03-03,Sunday,March,3,Q1,2024,Weekend
270,2024-03-04,Monday,March,3,Q1,2024,Weekday
271,2024-03-05,Tuesday,March,3,Q1,2024,Weekday
272,2024-03-06,Wednesday,March,3,Q1,2024,Weekday
273,2024-03-07,Thursday,March,3,Q1,2024,Weekday
274,2024-03-08,Friday,March,3,Q1,2024,Weekday
275,2024-03-09,Saturday,March,3,Q1,2024,Weekend
276,2024-03-10,Sunday,March,3,Q1,2024,Weekend
277,2024-03-11,Monday,March,3,Q1,2024,Weekday
278,2024-03-12,Tuesday,March,3,Q1,2024,Weekday
279,2024-03-13,Wednesday,March,3,Q1,2024,Weekday
280,2024-03-14,Thursday,March,3,Q1,2024,Weekday
281,2024-03-15,Friday,March,3,Q1,2024,Weekday
282,2024-03-16,Saturday,March,3,Q1,2024,Weekend
283,2024-03-17,Sunday,March,3,Q1,2024,Weekend
284,2024-03-18,Monday,March,3,Q1,2024,Weekday
285,2024-03-19,Tuesday,March,3,Q1,2024,Weekday
286,2024-03-20,Wednesday,March,3,Q1,2024,Weekday
287,2024-03-21,Thursday,March,3,Q1,2024,Weekday
288,2024-03-22,Friday,March,3,Q1,2024,Weekday
289,2024-03-23,Saturday,March,3,Q1,2024,Weekend
290,2024-03-24,Sunday,March,3,Q1,2024,Weekend
291,2024-03-25,Monday,March,3,Q1,2024,Weekday
292,2024-03-26,Tuesday,March,3,Q1,2024,Weekday
293,2024-03-27,Wednesday,March,3,Q1,2024,Weekday
294,2024-03-28,Thursday,March,3,Q1,2024,Weekday
295,2024-03-29,Friday,March,3,Q1,2024,Weekday
296,2024-03-30,Saturday,March,3,Q1,2024,Weekend
297,2024-03-31,Sunday,March,3,Q1,2024,Weekend
298,2024-04-01,Monday,April,4,Q2,2024,Weekday
299,2024-04-02,Tuesday,April,4,Q2,2024,Weekday
300,2024-04-03,Wednesday,April,4,Q2,2024,Weekday
301,2024-04-04,Thursday,April,4,Q2,2024,Weekday
302,2024-04-05,Friday,April,4,Q2,2024,Weekday
303,2024-04-06,Saturday,April,4,Q2,2024,Weekend
304,2024-04-07,Sunday,April,4,Q2,2024,Weekend
305,2024-04-08,Monday,April,4,Q2,2024,Weekday
306,2024-04-09,Tuesday,April,4,Q2,2024,Weekday
307,2024-04-10,Wednesday,April,4,Q2,2024,Weekday
308,2024-04-11,Thursday,April,4,Q2,2024,Weekday
309,2024-04-12,Friday,April,4,Q2,2024,Weekday
310,2024-04-13,Saturday,April,4,Q2,2024,Weekend
311,2024-04-14,Sunday,April,4,Q2,2024,Weekend
312,2024-04-15,Monday,April,4,Q2,2024,Weekday
313,2024-04-16,Tuesday,April,4,Q2,2024,Weekday
314,2024-04-17,Wednesday,April,4,Q2,2024,Weekday
315,2024-04-18,Thursday,April,4,Q2,2024,Weekday
316,2024-04-19,Friday,April,4,Q2,2024,Weekday
317,2024-04-20,Saturday,April,4,Q2,2024,Weekend
318,2024-04-21,Sunday,April,4,Q2,2024,Weekend
319,2024-04-22,Monday,April,4,Q2,2024,Weekday
320,2024-04-23,Tuesday,April,4,Q2,2024,Weekday
321,2024-04-24,Wednesday,April,4,Q2,2024,Weekday
322,2024-04-25,Thursday,April,4,Q2,2024,Weekday
323,2024-04-26,Friday,April,4,Q2,2024,Weekday
324,2024-04-27,Saturday,April,4,Q2,2024,Weekend
325,2024-04-28,Sunday,April,4,Q2,2024,Weekend
326,2024-04-29,Monday,April,4,Q2,2024,Weekday
327,2024-04-30,Tuesday,April,4,Q2,2024,Weekday
328,2024-05-01,Wednesday,May,5,Q2,2024,Weekday
329,2024-05-02,Thursday,May,5,Q2,2024,Weekday
330,2024-05-03,Friday,May,5,Q2,2024,Weekday
331,2024-05-04,Saturday,May,5,Q2,2024,Weekend
332,2024-05-05,Sunday,May,5,Q2,2024,Weekend
333,2024-05-06,Monday,May,5,Q2,2024,Weekday
334,2024-05-07,Tuesday,May,5,Q2,2024,Weekday
335,2024-05-08,Wednesday,May,5,Q2,2024,Weekday
336,2024-05-09,Thursday,May,5,Q2,2024,Weekday
337,2024-05-10,Friday,May,5,Q2,2024,Weekday
338,2024-05-11,Saturday,May,5,Q2,2024,Weekend
339,2024-05-12,Sunday,May,5,Q2,2024,Weekend
340,2024-05-13,Monday,May,5,Q2,2024,Weekday
341,2024-05-14,Tuesday,May,5,Q2,2024,Weekday
342,2024-05-15,Wednesday,May,5,Q2,2024,Weekday
343,2024-05-16,Thursday,May,5,Q2,2024,Weekday
344,2024-05-17,Friday,May,5,Q2,2024,Weekday
345,2024-05-18,Saturday,May,5,Q2,2024,Weekend
346,2024-05-19,Sunday,May,5,Q2,2024,Weekend
347,2024-05-20,Monday,May,5,Q2,2024,Weekday
348,2024-05-21,Tuesday,May,5,Q2,2024,Weekday
349,2024-05-22,Wednesday,May,5,Q2,2024,Weekday
350,2024-05-23,Thursday,May,5,Q2,2024,Weekday
351,2024-05-24,Friday,May,5,Q2,2024,Weekday
352,2024-05-25,Saturday,May,5,Q2,2024,Weekend
353,2024-05-26,Sunday,May,5,Q2,2024,Weekend
354,2024-05-27,Monday,May,5,Q2,2024,Weekday
355,2024-05-28,Tuesday,May,5,Q2,2024,Weekday
356,2024-05-29,Wednesday,May,5,Q2,2024,Weekday
357,2024-05-30,Thursday,May,5,Q2,2024,Weekday
358,2024-05-31,Friday,May,5,Q2,2024,Weekday
359,2024-06-01,Saturday,June,6,Q2,2024,Weekend
360,2024-06-02,Sunday,June,6,Q2,2024,Weekend
361,2024-06-03,Monday,June,6,Q2,2024,Weekday
362,2024-06-04,Tuesday,June,6,Q2,2024,Weekday
363,2024-06-05,Wednesday,June,6,Q2,2024,Weekday
364,2024-06-06,Thursday,June,6,Q2,2024,Weekday
365,2024-06-07,Friday,June,6,Q2,2024,Weekday
366,2024-06-08,Saturday,June,6,Q2,2024,Weekend
367,2024-06-09,Sunday,June,6,Q2,2024,Weekend
368,2024-06-10,Monday,June,6,Q2,2024,Weekday
369,2024-06-11,Tuesday,June,6,Q2,2024,Weekday
370,2024-06-12,Wednesday,June,6,Q2,2024,Weekday
371,2024-06-13,Thursday,June,6,Q2,2024,Weekday
372,2024-06-14,Friday,June,6,Q2,2024,Weekday
373,2024-06-15,Saturday,June,6,Q2,2024,Weekend
374,2024-06-16,Sunday,June,6,Q2,2024,Weekend
375,2024-06-17,Monday,June,6,Q2,2024,Weekday
376,2024-06-18,Tuesday,June,6,Q2,2024,Weekday
377,2024-06-19,Wednesday,June,6,Q2,2024,Weekday
378,2024-06-20,Thursday,June,6,Q2,2024,Weekday
379,2024-06-21,Friday,June,6,Q2,2024,Weekday
380,2024-06-22,Saturday,June,6,Q2,2024,Weekend
381,2024-06-23,Sunday,June,6,Q2,2024,Weekend
382,2024-06-24,Monday,June,6,Q2,2024,Weekday
383,2024-06-25,Tuesday,June,6,Q2,2024,Weekday
384,2024-06-26,Wednesday,June,6,Q2,2024,Weekday
385,2024-06-27,Thursday,June,6,Q2,2024,Weekday
386,2024-06-28,Friday,June,6,Q2,2024,Weekday
387,2024-06-29,Saturday,June,6,Q2,2024,Weekend
388,2024-06-30,Sunday,June,6,Q2,2024,Weekend
389,2024-07-01,Monday,July,7,Q3,2024,Weekday
390,2024-07-02,Tuesday,July,7,Q3,2024,Weekday
391,2024-07-03,Wednesday,July,7,Q3,2024,Weekday
392,2024-07-04,Thursday,July,7,Q3,2024,Weekday
393,2024-07-05,Friday,July,7,Q3,2024,Weekday
394,2024-07-06,Saturday,July,7,Q3,2024,Weekend
395,2024-07-07,Sunday,July,7,Q3,2024,Weekend
396,2024-07-08,Monday,July,7,Q3,2024,Weekday
397,2024-07-09,Tuesday,July,7,Q3,2024,Weekday
398,2024-07-10,Wednesday,July,7,Q3,2024,Weekday
399,2024-07-11,Thursday,July,7,Q3,2024,Weekday
400,2024-07-12,Friday,July,7,Q3,2024,Weekday
401,2024-07-13,Saturday,July,7,Q3,2024,Weekend
402,2024-07-14,Sunday,July,7,Q3,2024,Weekend
403,2024-07-15,Monday,July,7,Q3,2024,Weekday
404,2024-07-16,Tuesday,July,7,Q3,2024,Weekday
405,2024-07-17,Wednesday,July,7,Q3,2024,Weekday
406,2024-07-18,Thursday,July,7,Q3,2024,Weekday
407,2024-07-19,Friday,July,7,Q3,2024,Weekday
408,2024-07-20,Saturday,July,7,Q3,2024,Weekend
409,2024-07-21,Sunday,July,7,Q3,2024,Weekend
410,2024-07-22,Monday,July,7,Q3,2024,Weekday
411,2024-07-23,Tuesday,July,7,Q3,2024,Weekday
412,2024-07-24,Wednesday,July,7,Q3,2024,Weekday
413,2024-07-25,Thursday,July,7,Q3,2024,Weekday
414,2024-07-26,Friday,July,7,Q3,2024,Weekday
415,2024-07-27,Saturday,July,7,Q3,2024,Weekend
416,2024-07-28,Sunday,July,7,Q3,2024,Weekend
417,2024-07-29,Monday,July,7,Q3,2024,Weekday
418,2024-07-30,Tuesday,July,7,Q3,2024,Weekday
419,2024-07-31,Wednesday,July,7,Q3,2024,Weekday
420,2024-08-01,Thursday,August,8,Q3,2024,Weekday
421,2024-08-02,Friday,August,8,Q3,2024,Weekday
422,2024-08-03,Saturday,August,8,Q3,2024,Weekend
423,2024-08-04,Sunday,August,8,Q3,2024,Weekend
424,2024-08-05,Monday,August,8,Q3,2024,Weekday
425,2024-08-06,Tuesday,August,8,Q3,2024,Weekday
426,2024-08-07,Wednesday,August,8,Q3,2024,Weekday
427,2024-08-08,Thursday,August,8,Q3,2024,Weekday
428,2024-08-09,Friday,August,8,Q3,2024,Weekday
429,2024-08-10,Saturday,August,8,Q3,2024,Weekend
430,2024-08-11,Sunday,August,8,Q3,2024,Weekend
431,2024-08-12,Monday,August,8,Q3,2024,Weekday
432,2024-08-13,Tuesday,August,8,Q3,2024,Weekday
433,2024-08-14,Wednesday,August,8,Q3,2024,Weekday
434,2024-08-15,Thursday,August,8,Q3,2024,Weekday
435,2024-08-16,Friday,August,8,Q3,2024,Weekday
436,2024-08-17,Saturday,August,8,Q3,2024,Weekend
437,2024-08-18,Sunday,August,8,Q3,2024,Weekend
438,2024-08-19,Monday,August,8,Q3,2024,Weekday
439,2024-08-20,Tuesday,August,8,Q3,2024,Weekday
440,2024-08-21,Wednesday,August,8,Q3,2024,Weekday
441,2024-08-22,Thursday,August,8,Q3,2024,Weekday
442,2024-08-23,Friday,August,8,Q3,2024,Weekday
443,2024-08-24,Saturday,August,8,Q3,2024,Weekend
444,2024-08-25,Sunday,August,8,Q3,2024,Weekend
445,2024-08-26,Monday,August,8,Q3,2024,Weekday
446,2024-08-27,Tuesday,August,8,Q3,2024,Weekday
447,2024-08-28,Wednesday,August,8,Q3,2024,Weekday
448,2024-08-29,Thursday,August,8,Q3,2024,Weekday
449,2024-08-30,Friday,August,8,Q3,2024,Weekday
450,2024-08-31,Saturday,August,8,Q3,2024,Weekend
451,2024-09-01,Sunday,September,9,Q3,2024,Weekend
452,2024-09-02,Monday,September,9,Q3,2024,Weekday
453,2024-09-03,Tuesday,September,9,Q3,2024,Weekday
454,2024-09-04,Wednesday,September,9,Q3,2024,Weekday
455,2024-09-05,Thursday,September,9,Q3,2024,Weekday
456,2024-09-06,Friday,September,9,Q3,2024,Weekday
457,2024-09-07,Saturday,September,9,Q3,2024,Weekend
458,2024-09-08,Sunday,September,9,Q3,2024,Weekend
459,2024-09-09,Monday,September,9,Q3,2024,Weekday
460,2024-09-10,Tuesday,September,9,Q3,2024,Weekday
461,2024-09-11,Wednesday,September,9,Q3,2024,Weekday
462,2024-09-12,Thursday,September,9,Q3,2024,Weekday
463,2024-09-13,Friday,September,9,Q3,2024,Weekday
464,2024-09-14,Saturday,September,9,Q3,2024,Weekend
465,2024-09-15,Sunday,September,9,Q3,2024,Weekend
466,2024-09-16,Monday,September,9,Q3,2024,Weekday
467,2024-09-17,Tuesday,September,9,Q3,2024,Weekday
468,2024-09-18,Wednesday,September,9,Q3,2024,Weekday
469,2024-09-19,Thursday,September,9,Q3,2024,Weekday
470,2024-09-20,Friday,September,9,Q3,2024,Weekday
471,2024-09-21,Saturday,September,9,Q3,2024,Weekend
472,2024-09-22,Sunday,September,9,Q3,2024,Weekend
473,2024-09-23,Monday,September,9,Q3,2024,Weekday
474,2024-09-24,Tuesday,September,9,Q3,2024,Weekday
475,2024-09-25,Wednesday,September,9,Q3,2024,Weekday
476,2024-09-26,Thursday,September,9,Q3,2024,Weekday
477,2024-09-27,Friday,September,9,Q3,2024,Weekday
478,2024-09-28,Saturday,September,9,Q3,2024,Weekend
479,2024-09-29,Sunday,September,9,Q3,2024,Weekend
480,2024-09-30,Monday,September,9,Q3,2024,Weekday
481,2024-10-01,Tuesday,October,10,Q4,2024,Weekday
482,2024-10-02,Wednesday,October,10,Q4,2024,Weekday
483,2024-10-03,Thursday,October,10,Q4,2024,Weekday
484,2024-10-04,Friday,October,10,Q4,2024,Weekday
485,2024-10-05,Saturday,October,10,Q4,2024,Weekend
486,2024-10-06,Sunday,October,10,Q4,2024,Weekend
487,2024-10-07,Monday,October,10,Q4,2024,Weekday
488,2024-10-08,Tuesday,October,10,Q4,2024,Weekday
489,2024-10-09,Wednesday,October,10,Q4,2024,Weekday
490,2024-10-10,Thursday,October,10,Q4,2024,Weekday
491,2024-10-11,Friday,October,10,Q4,2024,Weekday
492,2024-10-12,Saturday,October,10,Q4,2024,Weekend
493,2024-10-13,Sunday,October,10,Q4,2024,Weekend
494,2024-10-14,Monday,October,10,Q4,2024,Weekday
495,2024-10-15,Tuesday,October,10,Q4,2024,Weekday
496,2024-10-16,Wednesday,October,10,Q4,2024,Weekday
497,2024-10-17,Thursday,October,10,Q4,2024,Weekday
498,2024-10-18,Friday,October,10,Q4,2024,Weekday
499,2024-10-19,Saturday,October,10,Q4,2024,Weekend
500,2024-10-20,Sunday,October,10,Q4,2024,Weekend
501,2024-10-21,Monday,October,10,Q4,2024,Weekday
502,2024-10-22,Tuesday,October,10,Q4,2024,Weekday
503,2024-10-23,Wednesday,October,10,Q4,2024,Weekday
504,2024-10-24,Thursday,October,10,Q4,2024,Weekday
505,2024-10-25,Friday,October,10,Q4,2024,Weekday
506,2024-10-26,Saturday,October,10,Q4,2024,Weekend
507,2024-10-27,Sunday,October,10,Q4,2024,Weekend
508,2024-10-28,Monday,October,10,Q4,2024,Weekday
509,2024-10-29,Tuesday,October,10,Q4,2024,Weekday
510,2024-10-30,Wednesday,October,10,Q4,2024,Weekday
511,2024-10-31,Thursday,October,10,Q4,2024,Weekday
512,2024-11-01,Friday,November,11,Q4,2024,Weekday
513,2024-11-02,Saturday,November,11,Q4,2024,Weekend
514,2024-11-03,Sunday,November,11,Q4,2024,Weekend
515,2024-11-04,Monday,November,11,Q4,2024,Weekday
516,2024-11-05,Tuesday,November,11,Q4,2024,Weekday
517,2024-11-06,Wednesday,November,11,Q4,2024,Weekday
518,2024-11-07,Thursday,November,11,Q4,2024,Weekday
519,2024-11-08,Friday,November,11,Q4,2024,Weekday
520,2024-11-09,Saturday,November,11,Q4,2024,Weekend
521,2024-11-10,Sunday,November,11,Q4,2024,Weekend
522,2024-11-11,Monday,November,11,Q4,2024,Weekday
523,2024-11-12,Tuesday,November,11,Q4,2024,Weekday
524,2024-11-13,Wednesday,November,11,Q4,2024,Weekday
525,2024-11-14,Thursday,November,11,Q4,2024,Weekday
526,2024-11-15,Friday,November,11,Q4,2024,Weekday
527,2024-11-16,Saturday,November,11,Q4,2024,Weekend
528,2024-11-17,Sunday,November,11,Q4,2024,Weekend
529,2024-11-18,Monday,November,11,Q4,2024,Weekday
530,2024-11-19,Tuesday,November,11,Q4,2024,Weekday
531,2024-11-20,Wednesday,November,11,Q4,2024,Weekday
532,2024-11-21,Thursday,November,11,Q4,2024,Weekday
533,2024-11-22,Friday,November,11,Q4,2024,Weekday
534,2024-11-23,Saturday,November,11,Q4,2024,Weekend
535,2024-11-24,Sunday,November,11,Q4,2024,Weekend
536,2024-11-25,Monday,November,11,Q4,2024,Weekday
537,2024-11-26,Tuesday,November,11,Q4,2024,Weekday
538,2024-11-27,Wednesday,November,11,Q4,2024,Weekday
539,2024-11-28,Thursday,November,11,Q4,2024,Weekday
540,2024-11-29,Friday,November,11,Q4,2024,Weekday
541,2024-11-30,Saturday,November,11,Q4,2024,Weekend
542,2024-12-01,Sunday,December,12,Q4,2024,Weekend
543,2024-12-02,Monday,December,12,Q4,2024,Weekday
544,2024-12-03,Tuesday,December,12,Q4,2024,Weekday
545,2024-12-04,Wednesday,December,12,Q4,2024,Weekday
546,2024-12-05,Thursday,December,12,Q4,2024,Weekday
547,2024-12-06,Friday,December,12,Q4,2024,Weekday
548,2024-12-07,Saturday,December,12,Q4,2024,Weekend
549,2024-12-08,Sunday,December,12,Q4,2024,Weekend
550,2024-12-09,Monday,December,12,Q4,2024,Weekday
551,2024-12-10,Tuesday,December,12,Q4,2024,Weekday
552,2024-12-11,Wednesday,December,12,Q4,2024,Weekday
553,2024-12-12,Thursday,December,12,Q4,2024,Weekday
554,2024-12-13,Friday,December,12,Q4,2024,Weekday
555,2024-12-14,Saturday,December,12,Q4,2024,Weekend
556,2024-12-15,Sunday,December,12,Q4,2024,Weekend
557,2024-12-16,Monday,December,12,Q4,2024,Weekday
558,2024-12-17,Tuesday,December,12,Q4,2024,Weekday
559,2024-12-18,Wednesday,December,12,Q4,2024,Weekday
560,2024-12-19,Thursday,December,12,Q4,2024,Weekday
561,2024-12-20,Friday,December,12,Q4,2024,Weekday
562,2024-12-21,Saturday,December,12,Q4,2024,Weekend
563,2024-12-22,Sunday,December,12,Q4,2024,Weekend
564,2024-12-23,Monday,December,12,Q4,2024,Weekday
565,2024-12-24,Tuesday,December,12,Q4,2024,Weekday
566,2024-12-25,Wednesday,December,12,Q4,2024,Weekday
567,2024-12-26,Thursday,December,12,Q4,2024,Weekday
568,2024-12-27,Friday,December,12,Q4,2024,Weekday
569,2024-12-28,Saturday,December,12,Q4,2024,Weekend
570,2024-12-29,Sunday,December,12,Q4,2024,Weekend
571,2024-12-30,Monday,December,12,Q4,2024,Weekday
572,2024-12-31,Tuesday,December,12,Q4,2024,Weekday
573,2025-01-01,Wednesday,January,1,Q1,2025,Weekday
574,2025-01-02,Thursday,January,1,Q1,2025,Weekday
575,2025-01-03,Friday,January,1,Q1,2025,Weekday
576,2025-01-04,Saturday,January,1,Q1,2025,Weekend
577,2025-01-05,Sunday,January,1,Q1,2025,Weekend
578,2025-01-06,Monday,January,1,Q1,2025,Weekday
579,2025-01-07,Tuesday,January,1,Q1,2025,Weekday
580,2025-01-08,Wednesday,January,1,Q1,2025,Weekday
581,2025-01-09,Thursday,January,1,Q1,2025,Weekday
582,2025-01-10,Friday,January,1,Q1,2025,Weekday
583,2025-01-11,Saturday,January,1,Q1,2025,Weekend
584,2025-01-12,Sunday,January,1,Q1,2025,Weekend
585,2025-01-13,Monday,January,1,Q1,2025,Weekday
586,2025-01-14,Tuesday,January,1,Q1,2025,Weekday
587,2025-01-15,Wednesday,January,1,Q1,2025,Weekday
588,2025-01-16,Thursday,January,1,Q1,2025,Weekday
589,2025-01-17,Friday,January,1,Q1,2025,Weekday
590,2025-01-18,Saturday,January,1,Q1,2025,Weekend
591,2025-01-19,Sunday,January,1,Q1,2025,Weekend
592,2025-01-20,Monday,January,1,Q1,2025,Weekday
593,2025-01-21,Tuesday,January,1,Q1,2025,Weekday
594,2025-01-22,Wednesday,January,1,Q1,2025,Weekday
595,2025-01-23,Thursday,January,1,Q1,2025,Weekday
596,2025-01-24,Friday,January,1,Q1,2025,Weekday
597,2025-01-25,Saturday,January,1,Q1,2025,Weekend
598,2025-01-26,Sunday,January,1,Q1,2025,Weekend
599,2025-01-27,Monday,January,1,Q1,2025,Weekday
600,2025-01-28,Tuesday,January,1,Q1,2025,Weekday
601,2025-01-29,Wednesday,January,1,Q1,2025,Weekday
602,2025-01-30,Thursday,January,1,Q1,2025,Weekday
603,2025-01-31,Friday,January,1,Q1,2025,Weekday
604,2025-02-01,Saturday,February,2,Q1,2025,Weekend
605,2025-02-02,Sunday,February,2,Q1,2025,Weekend
606,2025-02-03,Monday,February,2,Q1,2025,Weekday
607,2025-02-04,Tuesday,February,2,Q1,2025,Weekday
608,2025-02-05,Wednesday,February,2,Q1,2025,Weekday
609,2025-02-06,Thursday,February,2,Q1,2025,Weekday
610,2025-02-07,Friday,February,2,Q1,2025,Weekday
611,2025-02-08,Saturday,February,2,Q1,2025,Weekend
612,2025-02-09,Sunday,February,2,Q1,2025,Weekend
613,2025-02-10,Monday,February,2,Q1,2025,Weekday
614,2025-02-11,Tuesday,February,2,Q1,2025,Weekday
615,2025-02-12,Wednesday,February,2,Q1,2025,Weekday
616,2025-02-13,Thursday,February,2,Q1,2025,Weekday
617,2025-02-14,Friday,February,2,Q1,2025,Weekday
618,2025-02-15,Saturday,February,2,Q1,2025,Weekend
619,2025-02-16,Sunday,February,2,Q1,2025,Weekend
620,2025-02-17,Monday,February,2,Q1,2025,Weekday
621,2025-02-18,Tuesday,February,2,Q1,2025,Weekday
622,2025-02-19,Wednesday,February,2,Q1,2025,Weekday
623,2025-02-20,Thursday,February,2,Q1,2025,Weekday
624,2025-02-21,Friday,February,2,Q1,2025,Weekday
625,2025-02-22,Saturday,February,2,Q1,2025,Weekend
626,2025-02-23,Sunday,February,2,Q1,2025,Weekend
627,2025-02-24,Monday,February,2,Q1,2025,Weekday
628,2025-02-25,Tuesday,February,2,Q1,2025,Weekday
629,2025-02-26,Wednesday,February,2,Q1,2025,Weekday
630,2025-02-27,Thursday,February,2,Q1,2025,Weekday
631,2025-02-28,Friday,February,2,Q1,2025,Weekday
632,2025-03-01,Saturday,March,3,Q1,2025,Weekend
633,2025-03-02,Sunday,March,3,Q1,2025,Weekend
634,2025-03-03,Monday,March,3,Q1,2025,Weekday
635,2025-03-04,Tuesday,March,3,Q1,2025,Weekday
636,2025-03-05,Wednesday,March,3,Q1,2025,Weekday
637,2025-03-06,Thursday,March,3,Q1,2025,Weekday
638,2025-03-07,Friday,March,3,Q1,2025,Weekday
639,2025-03-08,Saturday,March,3,Q1,2025,Weekend
640,2025-03-09,Sunday,March,3,Q1,2025,Weekend
641,2025-03-10,Monday,March,3,Q1,2025,Weekday
642,2025-03-11,Tuesday,March,3,Q1,2025,Weekday
643,2025-03-12,Wednesday,March,3,Q1,2025,Weekday
644,2025-03-13,Thursday,March,3,Q1,2025,Weekday
645,2025-03-14,Friday,March,3,Q1,2025,Weekday
646,2025-03-15,Saturday,March,3,Q1,2025,Weekend
647,2025-03-16,Sunday,March,3,Q1,2025,Weekend
648,2025-03-17,Monday,March,3,Q1,2025,Weekday
649,2025-03-18,Tuesday,March,3,Q1,2025,Weekday
650,2025-03-19,Wednesday,March,3,Q1,2025,Weekday
651,2025-03-20,Thursday,March,3,Q1,2025,Weekday
652,2025-03-21,Friday,March,3,Q1,2025,Weekday
653,2025-03-22,Saturday,March,3,Q1,2025,Weekend
654,2025-03-23,Sunday,March,3,Q1,2025,Weekend
655,2025-03-24,Monday,March,3,Q1,2025,Weekday
656,2025-03-25,Tuesday,March,3,Q1,2025,Weekday
657,2025-03-26,Wednesday,March,3,Q1,2025,Weekday
658,2025-03-27,Thursday,March,3,Q1,2025,Weekday
659,2025-03-28,Friday,March,3,Q1,2025,Weekday
660,2025-03-29,Saturday,March,3,Q1,2025,Weekend
661,2025-03-30,Sunday,March,3,Q1,2025,Weekend
662,2025-03-31,Monday,March,3,Q1,2025,Weekday
663,2025-04-01,Tuesday,April,4,Q2,2025,Weekday
664,2025-04-02,Wednesday,April,4,Q2,2025,Weekday
665,2025-04-03,Thursday,April,4,Q2,2025,Weekday
666,2025-04-04,Friday,April,4,Q2,2025,Weekday
667,2025-04-05,Saturday,April,4,Q2,2025,Weekend
668,2025-04-06,Sunday,April,4,Q2,2025,Weekend
669,2025-04-07,Monday,April,4,Q2,2025,Weekday
670,2025-04-08,Tuesday,April,4,Q2,2025,Weekday
671,2025-04-09,Wednesday,April,4,Q2,2025,Weekday
672,2025-04-10,Thursday,April,4,Q2,2025,Weekday
673,2025-04-11,Friday,April,4,Q2,2025,Weekday
674,2025-04-12,Saturday,April,4,Q2,2025,Weekend
675,2025-04-13,Sunday,April,4,Q2,2025,Weekend
676,2025-04-14,Monday,April,4,Q2,2025,Weekday
677,2025-04-15,Tuesday,April,4,Q2,2025,Weekday
678,2025-04-16,Wednesday,April,4,Q2,2025,Weekday
679,2025-04-17,Thursday,April,4,Q2,2025,Weekday
680,2025-04-18,Friday,April,4,Q2,2025,Weekday
681,2025-04-19,Saturday,April,4,Q2,2025,Weekend
682,2025-04-20,Sunday,April,4,Q2,2025,Weekend
683,2025-04-21,Monday,April,4,Q2,2025,Weekday
684,2025-04-22,Tuesday,April,4,Q2,2025,Weekday
685,2025-04-23,Wednesday,April,4,Q2,2025,Weekday
686,2025-04-24,Thursday,April,4,Q2,2025,Weekday
687,2025-04-25,Friday,April,4,Q2,2025,Weekday
688,2025-04-26,Saturday,April,4,Q2,2025,Weekend
689,2025-04-27,Sunday,April,4,Q2,2025,Weekend
690,2025-04-28,Monday,April,4,Q2,2025,Weekday
691,2025-04-29,Tuesday,April,4,Q2,2025,Weekday
692,2025-04-30,Wednesday,April,4,Q2,2025,Weekday
693,2025-05-01,Thursday,May,5,Q2,2025,Weekday
694,2025-05-02,Friday,May,5,Q2,2025,Weekday
695,2025-05-03,Saturday,May,5,Q2,2025,Weekend
696,2025-05-04,Sunday,May,5,Q2,2025,Weekend
697,2025-05-05,Monday,May,5,Q2,2025,Weekday
698,2025-05-06,Tuesday,May,5,Q2,2025,Weekday
699,2025-05-07,Wednesday,May,5,Q2,2025,Weekday
700,2025-05-08,Thursday,May,5,Q2,2025,Weekday
701,2025-05-09,Friday,May,5,Q2,2025,Weekday
702,2025-05-10,Saturday,May,5,Q2,2025,Weekend
703,2025-05-11,Sunday,May,5,Q2,2025,Weekend
704,2025-05-12,Monday,May,5,Q2,2025,Weekday
705,2025-05-13,Tuesday,May,5,Q2,2025,Weekday
706,2025-05-14,Wednesday,May,5,Q2,2025,Weekday
707,2025-05-15,Thursday,May,5,Q2,2025,Weekday
708,2025-05-16,Friday,May,5,Q2,2025,Weekday
709,2025-05-17,Saturday,May,5,Q2,2025,Weekend
710,2025-05-18,Sunday,May,5,Q2,2025,Weekend
711,2025-05-19,Monday,May,5,Q2,2025,Weekday
712,2025-05-20,Tuesday,May,5,Q2,2025,Weekday
713,2025-05-21,Wednesday,May,5,Q2,2025,Weekday
714,2025-05-22,Thursday,May,5,Q2,2025,Weekday
715,2025-05-23,Friday,May,5,Q2,2025,Weekday
716,2025-05-24,Saturday,May,5,Q2,2025,Weekend
717,2025-05-25,Sunday,May,5,Q2,2025,Weekend
718,2025-05-26,Monday,May,5,Q2,2025,Weekday
719,2025-05-27,Tuesday,May,5,Q2,2025,Weekday
720,2025-05-28,Wednesday,May,5,Q2,2025,Weekday
721,2025-05-29,Thursday,May,5,Q2,2025,Weekday
722,2025-05-30,Friday,May,5,Q2,2025,Weekday
723,2025-05-31,Saturday,May,5,Q2,2025,Weekend
724,2025-06-01,Sunday,June,6,Q2,2025,Weekend
725,2025-06-02,Monday,June,6,Q2,2025,Weekday
726,2025-06-03,Tuesday,June,6,Q2,2025,Weekday
727,2025-06-04,Wednesday,June,6,Q2,2025,Weekday
728,2025-06-05,Thursday,June,6,Q2,2025,Weekday
729,2025-06-06,Friday,June,6,Q2,2025,Weekday
730,2025-06-07,Saturday,June,6,Q2,2025,Weekend
731,2025-06-08,Sunday,June,6,Q2,2025,Weekend
732,2025-06-09,Monday,June,6,Q2,2025,Weekday
733,2025-06-10,Tuesday,June,6,Q2,2025,Weekday
734,2025-06-11,Wednesday,June,6,Q2,2025,Weekday
735,2025-06-12,Thursday,June,6,Q2,2025,Weekday
736,2025-06-13,Friday,June,6,Q2,2025,Weekday
737,2025-06-14,Saturday,June,6,Q2,2025,Weekend
738,2025-06-15,Sunday,June,6,Q2,2025,Weekend
739,2025-06-16,Monday,June,6,Q2,2025,Weekday
740,2025-06-17,Tuesday,June,6,Q2,2025,Weekday
741,2025-06-18,Wednesday,June,6,Q2,2025,Weekday
742,2025-06-19,Thursday,June,6,Q2,2025,Weekday
743,2025-06-20,Friday,June,6,Q2,2025,Weekday
744,2025-06-21,Saturday,June,6,Q2,2025,Weekend
745,2025-06-22,Sunday,June,6,Q2,2025,Weekend
746,2025-06-23,Monday,June,6,Q2,2025,Weekday
747,2025-06-24,Tuesday,June,6,Q2,2025,Weekday
748,2025-06-25,Wednesday,June,6,Q2,2025,Weekday
749,2025-06-26,Thursday,June,6,Q2,2025,Weekday
750,2025-06-27,Friday,June,6,Q2,2025,Weekday
751,2025-06-28,Saturday,June,6,Q2,2025,Weekend
752,2025-06-29,Sunday,June,6,Q2,2025,Weekend
753,2025-06-30,Monday,June,6,Q2,2025,Weekday
754,2025-07-01,Tuesday,July,7,Q3,2025,Weekday
755,2025-07-02,Wednesday,July,7,Q3,2025,Weekday
756,2025-07-03,Thursday,July,7,Q3,2025,Weekday
757,2025-07-04,Friday,July,7,Q3,2025,Weekday
758,2025-07-05,Saturday,July,7,Q3,2025,Weekend
759,2025-07-06,Sunday,July,7,Q3,2025,Weekend
760,2025-07-07,Monday,July,7,Q3,2025,Weekday
761,2025-07-08,Tuesday,July,7,Q3,2025,Weekday
762,2025-07-09,Wednesday,July,7,Q3,2025,Weekday
763,2025-07-10,Thursday,July,7,Q3,2025,Weekday
764,2025-07-11,Friday,July,7,Q3,2025,Weekday
765,2025-07-12,Saturday,July,7,Q3,2025,Weekend
766,2025-07-13,Sunday,July,7,Q3,2025,Weekend
767,2025-07-14,Monday,July,7,Q3,2025,Weekday
768,2025-07-15,Tuesday,July,7,Q3,2025,Weekday
769,2025-07-16,Wednesday,July,7,Q3,2025,Weekday
770,2025-07-17,Thursday,July,7,Q3,2025,Weekday
771,2025-07-18,Friday,July,7,Q3,2025,Weekday
772,2025-07-19,Saturday,July,7,Q3,2025,Weekend
773,2025-07-20,Sunday,July,7,Q3,2025,Weekend
774,2025-07-21,Monday,July,7,Q3,2025,Weekday
775,2025-07-22,Tuesday,July,7,Q3,2025,Weekday
776,2025-07-23,Wednesday,July,7,Q3,2025,Weekday
777,2025-07-24,Thursday,July,7,Q3,2025,Weekday
778,2025-07-25,Friday,July,7,Q3,2025,Weekday
779,2025-07-26,Saturday,July,7,Q3,2025,Weekend
780,2025-07-27,Sunday,July,7,Q3,2025,Weekend
781,2025-07-28,Monday,July,7,Q3,2025,Weekday
782,2025-07-29,Tuesday,July,7,Q3,2025,Weekday
783,2025-07-30,Wednesday,July,7,Q3,2025,Weekday
784,2025-07-31,Thursday,July,7,Q3,2025,Weekday
785,2025-08-01,Friday,August,8,Q3,2025,Weekday
786,2025-08-02,Saturday,August,8,Q3,2025,Weekend
787,2025-08-03,Sunday,August,8,Q3,2025,Weekend
788,2025-08-04,Monday,August,8,Q3,2025,Weekday
789,2025-08-05,Tuesday,August,8,Q3,2025,Weekday
790,2025-08-06,Wednesday,August,8,Q3,2025,Weekday
791,2025-08-07,Thursday,August,8,Q3,2025,Weekday
792,2025-08-08,Friday,August,8,Q3,2025,Weekday
793,2025-08-09,Saturday,August,8,Q3,2025,Weekend
794,2025-08-10,Sunday,August,8,Q3,2025,Weekend
795,2025-08-11,Monday,August,8,Q3,2025,Weekday
796,2025-08-12,Tuesday,August,8,Q3,2025,Weekday
797,2025-08-13,Wednesday,August,8,Q3,2025,Weekday
798,2025-08-14,Thursday,August,8,Q3,2025,Weekday
799,2025-08-15,Friday,August,8,Q3,2025,Weekday
800,2025-08-16,Saturday,August,8,Q3,2025,Weekend
801,2025-08-17,Sunday,August,8,Q3,2025,Weekend
802,2025-08-18,Monday,August,8,Q3,2025,Weekday
803,2025-08-19,Tuesday,August,8,Q3,2025,Weekday
804,2025-08-20,Wednesday,August,8,Q3,2025,Weekday
805,2025-08-21,Thursday,August,8,Q3,2025,Weekday
806,2025-08-22,Friday,August,8,Q3,2025,Weekday
807,2025-08-23,Saturday,August,8,Q3,2025,Weekend
808,2025-08-24,Sunday,August,8,Q3,2025,Weekend
809,2025-08-25,Monday,August,8,Q3,2025,Weekday
810,2025-08-26,Tuesday,August,8,Q3,2025,Weekday
811,2025-08-27,Wednesday,August,8,Q3,2025,Weekday
812,2025-08-28,Thursday,August,8,Q3,2025,Weekday
813,2025-08-29,Friday,August,8,Q3,2025,Weekday
814,2025-08-30,Saturday,August,8,Q3,2025,Weekend
815,2025-08-31,Sunday,August,8,Q3,2025,Weekend
816,2025-09-01,Monday,September,9,Q3,2025,Weekday
817,2025-09-02,Tuesday,September,9,Q3,2025,Weekday
818,2025-09-03,Wednesday,September,9,Q3,2025,Weekday
819,2025-09-04,Thursday,September,9,Q3,2025,Weekday
820,2025-09-05,Friday,September,9,Q3,2025,Weekday
821,2025-09-06,Saturday,September,9,Q3,2025,Weekend
822,2025-09-07,Sunday,September,9,Q3,2025,Weekend
823,2025-09-08,Monday,September,9,Q3,2025,Weekday
824,2025-09-09,Tuesday,September,9,Q3,2025,Weekday
825,2025-09-10,Wednesday,September,9,Q3,2025,Weekday
826,2025-09-11,Thursday,September,9,Q3,2025,Weekday
827,2025-09-12,Friday,September,9,Q3,2025,Weekday
828,2025-09-13,Saturday,September,9,Q3,2025,Weekend
829,2025-09-14,Sunday,September,9,Q3,2025,Weekend
830,2025-09-15,Monday,September,9,Q3,2025,Weekday
831,2025-09-16,Tuesday,September,9,Q3,2025,Weekday
832,2025-09-17,Wednesday,September,9,Q3,2025,Weekday
833,2025-09-18,Thursday,September,9,Q3,2025,Weekday
834,2025-09-19,Friday,September,9,Q3,2025,Weekday
835,2025-09-20,Saturday,September,9,Q3,2025,Weekend
836,2025-09-21,Sunday,September,9,Q3,2025,Weekend
837,2025-09-22,Monday,September,9,Q3,2025,Weekday
838,2025-09-23,Tuesday,September,9,Q3,2025,Weekday
839,2025-09-24,Wednesday,September,9,Q3,2025,Weekday
840,2025-09-25,Thursday,September,9,Q3,2025,Weekday
841,2025-09-26,Friday,September,9,Q3,2025,Weekday
842,2025-09-27,Saturday,September,9,Q3,2025,Weekend
843,2025-09-28,Sunday,September,9,Q3,2025,Weekend
844,2025-09-29,Monday,September,9,Q3,2025,Weekday
845,2025-09-30,Tuesday,September,9,Q3,2025,Weekday
846,2025-10-01,Wednesday,October,10,Q4,2025,Weekday
847,2025-10-02,Thursday,October,10,Q4,2025,Weekday
848,2025-10-03,Friday,October,10,Q4,2025,Weekday
849,2025-10-04,Saturday,October,10,Q4,2025,Weekend
850,2025-10-05,Sunday,October,10,Q4,2025,Weekend
851,2025-10-06,Monday,October,10,Q4,2025,Weekday
852,2025-10-07,Tuesday,October,10,Q4,2025,Weekday
853,2025-10-08,Wednesday,October,10,Q4,2025,Weekday
854,2025-10-09,Thursday,October,10,Q4,2025,Weekday
855,2025-10-10,Friday,October,10,Q4,2025,Weekday
856,2025-10-11,Saturday,October,10,Q4,2025,Weekend
857,2025-10-12,Sunday,October,10,Q4,2025,Weekend
858,2025-10-13,Monday,October,10,Q4,2025,Weekday
859,2025-10-14,Tuesday,October,10,Q4,2025,Weekday
860,2025-10-15,Wednesday,October,10,Q4,2025,Weekday
861,2025-10-16,Thursday,October,10,Q4,2025,Weekday
862,2025-10-17,Friday,October,10,Q4,2025,Weekday
863,2025-10-18,Saturday,October,10,Q4,2025,Weekend
864,2025-10-19,Sunday,October,10,Q4,2025,Weekend
865,2025-10-20,Monday,October,10,Q4,2025,Weekday
866,2025-10-21,Tuesday,October,10,Q4,2025,Weekday
867,2025-10-22,Wednesday,October,10,Q4,2025,Weekday
868,2025-10-23,Thursday,October,10,Q4,2025,Weekday
869,2025-10-24,Friday,October,10,Q4,2025,Weekday
870,2025-10-25,Saturday,October,10,Q4,2025,Weekend
871,2025-10-26,Sunday,October,10,Q4,2025,Weekend
872,2025-10-27,Monday,October,10,Q4,2025,Weekday
873,2025-10-28,Tuesday,October,10,Q4,2025,Weekday
874,2025-10-29,Wednesday,October,10,Q4,2025,Weekday
875,2025-10-30,Thursday,October,10,Q4,2025,Weekday
876,2025-10-31,Friday,October,10,Q4,2025,Weekday
877,2025-11-01,Saturday,November,11,Q4,2025,Weekend
878,2025-11-02,Sunday,November,11,Q4,2025,Weekend
879,2025-11-03,Monday,November,11,Q4,2025,Weekday
880,2025-11-04,Tuesday,November,11,Q4,2025,Weekday
881,2025-11-05,Wednesday,November,11,Q4,2025,Weekday
882,2025-11-06,Thursday,November,11,Q4,2025,Weekday
883,2025-11-07,Friday,November,11,Q4,2025,Weekday
884,2025-11-08,Saturday,November,11,Q4,2025,Weekend
885,2025-11-09,Sunday,November,11,Q4,2025,Weekend
886,2025-11-10,Monday,November,11,Q4,2025,Weekday
887,2025-11-11,Tuesday,November,11,Q4,2025,Weekday
888,2025-11-12,Wednesday,November,11,Q4,2025,Weekday
889,2025-11-13,Thursday,November,11,Q4,2025,Weekday
890,2025-11-14,Friday,November,11,Q4,2025,Weekday
891,2025-11-15,Saturday,November,11,Q4,2025,Weekend
892,2025-11-16,Sunday,November,11,Q4,2025,Weekend
893,2025-11-17,Monday,November,11,Q4,2025,Weekday
894,2025-11-18,Tuesday,November,11,Q4,2025,Weekday
895,2025-11-19,Wednesday,November,11,Q4,2025,Weekday
896,2025-11-20,Thursday,November,11,Q4,2025,Weekday
897,2025-11-21,Friday,November,11,Q4,2025,Weekday
898,2025-11-22,Saturday,November,11,Q4,2025,Weekend
899,2025-11-23,Sunday,November,11,Q4,2025,Weekend
900,2025-11-24,Monday,November,11,Q4,2025,Weekday
901,2025-11-25,Tuesday,November,11,Q4,2025,Weekday
902,2025-11-26,Wednesday,November,11,Q4,2025,Weekday
903,2025-11-27,Thursday,November,11,Q4,2025,Weekday
904,2025-11-28,Friday,November,11,Q4,2025,Weekday
905,2025-11-29,Saturday,November,11,Q4,2025,Weekend
906,2025-11-30,Sunday,November,11,Q4,2025,Weekend
907,2025-12-01,Monday,December,12,Q4,2025,Weekday
908,2025-12-02,Tuesday,December,12,Q4,2025,Weekday
909,2025-12-03,Wednesday,December,12,Q4,2025,Weekday
910,2025-12-04,Thursday,December,12,Q4,2025,Weekday
911,2025-12-05,Friday,December,12,Q4,2025,Weekday
912,2025-12-06,Saturday,December,12,Q4,2025,Weekend
913,2025-12-07,Sunday,December,12,Q4,2025,Weekend
914,2025-12-08,Monday,December,12,Q4,2025,Weekday
915,2025-12-09,Tuesday,December,12,Q4,2025,Weekday
916,2025-12-10,Wednesday,December,12,Q4,2025,Weekday
917,2025-12-11,Thursday,December,12,Q4,2025,Weekday
918,2025-12-12,Friday,December,12,Q4,2025,Weekday
919,2025-12-13,Saturday,December,12,Q4,2025,Weekend
920,2025-12-14,Sunday,December,12,Q4,2025,Weekend
921,2025-12-15,Monday,December,12,Q4,2025,Weekday
922,2025-12-16,Tuesday,December,12,Q4,2025,Weekday
923,2025-12-17,Wednesday,December,12,Q4,2025,Weekday
924,2025-12-18,Thursday,December,12,Q4,2025,Weekday
925,2025-12-19,Friday,December,12,Q4,2025,Weekday
926,2025-12-20,Saturday,December,12,Q4,2025,Weekend
927,2025-12-21,Sunday,December,12,Q4,2025,Weekend
928,2025-12-22,Monday,December,12,Q4,2025,Weekday
929,2025-12-23,Tuesday,December,12,Q4,2025,Weekday
930,2025-12-24,Wednesday,December,12,Q4,2025,Weekday
931,2025-12-25,Thursday,December,12,Q4,2025,Weekday
932,2025-12-26,Friday,December,12,Q4,2025,Weekday
933,2025-12-27,Saturday,December,12,Q4,2025,Weekend
934,2025-12-28,Sunday,December,12,Q4,2025,Weekend
935,2025-12-29,Monday,December,12,Q4,2025,Weekday
936,2025-12-30,Tuesday,December,12,Q4,2025,Weekday
937,2025-12-31,Wednesday,December,12,Q4,2025,Weekday
938,2026-01-01,Thursday,January,1,Q1,2026,Weekday
939,2026-01-02,Friday,January,1,Q1,2026,Weekday
940,2026-01-03,Saturday,January,1,Q1,2026,Weekend
941,2026-01-04,Sunday,January,1,Q1,2026,Weekend
942,2026-01-05,Monday,January,1,Q1,2026,Weekday
943,2026-01-06,Tuesday,January,1,Q1,2026,Weekday
944,2026-01-07,Wednesday,January,1,Q1,2026,Weekday
945,2026-01-08,Thursday,January,1,Q1,2026,Weekday
946,2026-01-09,Friday,January,1,Q1,2026,Weekday
947,2026-01-10,Saturday,January,1,Q1,2026,Weekend
948,2026-01-11,Sunday,January,1,Q1,2026,Weekend
949,2026-01-12,Monday,January,1,Q1,2026,Weekday
950,2026-01-13,Tuesday,January,1,Q1,2026,Weekday
951,2026-01-14,Wednesday,January,1,Q1,2026,Weekday
952,2026-01-15,Thursday,January,1,Q1,2026,Weekday
953,2026-01-16,Friday,January,1,Q1,2026,Weekday
954,2026-01-17,Saturday,January,1,Q1,2026,Weekend
955,2026-01-18,Sunday,January,1,Q1,2026,Weekend
956,2026-01-19,Monday,January,1,Q1,2026,Weekday
957,2026-01-20,Tuesday,January,1,Q1,2026,Weekday
958,2026-01-21,Wednesday,January,1,Q1,2026,Weekday
959,2026-01-22,Thursday,January,1,Q1,2026,Weekday
960,2026-01-23,Friday,January,1,Q1,2026,Weekday
961,2026-01-24,Saturday,January,1,Q1,2026,Weekend
962,2026-01-25,Sunday,January,1,Q1,2026,Weekend
963,2026-01-26,Monday,January,1,Q1,2026,Weekday
964,2026-01-27,Tuesday,January,1,Q1,2026,Weekday
965,2026-01-28,Wednesday,January,1,Q1,2026,Weekday
966,2026-01-29,Thursday,January,1,Q1,2026,Weekday
967,2026-01-30,Friday,January,1,Q1,2026,Weekday
968,2026-01-31,Saturday,January,1,Q1,2026,Weekend
969,2026-02-01,Sunday,February,2,Q1,2026,Weekend
970,2026-02-02,Monday,February,2,Q1,2026,Weekday
971,2026-02-03,Tuesday,February,2,Q1,2026,Weekday
972,2026-02-04,Wednesday,February,2,Q1,2026,Weekday
973,2026-02-05,Thursday,February,2,Q1,2026,Weekday
974,2026-02-06,Friday,February,2,Q1,2026,Weekday
975,2026-02-07,Saturday,February,2,Q1,2026,Weekend
976,2026-02-08,Sunday,February,2,Q1,2026,Weekend
977,2026-02-09,Monday,February,2,Q1,2026,Weekday
978,2026-02-10,Tuesday,February,2,Q1,2026,Weekday
979,2026-02-11,Wednesday,February,2,Q1,2026,Weekday
980,2026-02-12,Thursday,February,2,Q1,2026,Weekday
981,2026-02-13,Friday,February,2,Q1,2026,Weekday
982,2026-02-14,Saturday,February,2,Q1,2026,Weekend
983,2026-02-15,Sunday,February,2,Q1,2026,Weekend
984,2026-02-16,Monday,February,2,Q1,2026,Weekday
985,2026-02-17,Tuesday,February,2,Q1,2026,Weekday
986,2026-02-18,Wednesday,February,2,Q1,2026,Weekday
987,2026-02-19,Thursday,February,2,Q1,2026,Weekday
988,2026-02-20,Friday,February,2,Q1,2026,Weekday
989,2026-02-21,Saturday,February,2,Q1,2026,Weekend
990,2026-02-22,Sunday,February,2,Q1,2026,Weekend
991,2026-02-23,Monday,February,2,Q1,2026,Weekday
992,2026-02-24,Tuesday,February,2,Q1,2026,Weekday
993,2026-02-25,Wednesday,February,2,Q1,2026,Weekday
994,2026-02-26,Thursday,February,2,Q1,2026,Weekday
995,2026-02-27,Friday,February,2,Q1,2026,Weekday
996,2026-02-28,Saturday,February,2,Q1,2026,Weekend
997,2026-03-01,Sunday,March,3,Q1,2026,Weekend
998,2026-03-02,Monday,March,3,Q1,2026,Weekday
999,2026-03-03,Tuesday,March,3,Q1,2026,Weekday
1000,2026-03-04,Wednesday,March,3,Q1,2026,Weekday
1001,2026-03-05,Thursday,March,3,Q1,2026,Weekday
1002,2026-03-06,Friday,March,3,Q1,2026,Weekday
1003,2026-03-07,Saturday,March,3,Q1,2026,Weekend
1004,2026-03-08,Sunday,March,3,Q1,2026,Weekend
1005,2026-03-09,Monday,March,3,Q1,2026,Weekday
1006,2026-03-10,Tuesday,March,3,Q1,2026,Weekday
1007,2026-03-11,Wednesday,March,3,Q1,2026,Weekday
1008,2026-03-12,Thursday,March,3,Q1,2026,Weekday
1009,2026-03-13,Friday,March,3,Q1,2026,Weekday
1010,2026-03-14,Saturday,March,3,Q1,2026,Weekend
1011,2026-03-15,Sunday,March,3,Q1,2026,Weekend
1012,2026-03-16,Monday,March,3,Q1,2026,Weekday
1013,2026-03-17,Tuesday,March,3,Q1,2026,Weekday
1014,2026-03-18,Wednesday,March,3,Q1,2026,Weekday
1015,2026-03-19,Thursday,March,3,Q1,2026,Weekday
1016,2026-03-20,Friday,March,3,Q1,2026,Weekday
1017,2026-03-21,Saturday,March,3,Q1,2026,Weekend
1018,2026-03-22,Sunday,March,3,Q1,2026,Weekend
1019,2026-03-23,Monday,March,3,Q1,2026,Weekday
1020,2026-03-24,Tuesday,March,3,Q1,2026,Weekday
1021,2026-03-25,Wednesday,March,3,Q1,2026,Weekday
1022,2026-03-26,Thursday,March,3,Q1,2026,Weekday
1023,2026-03-27,Friday,March,3,Q1,2026,Weekday
1024,2026-03-28,Saturday,March,3,Q1,2026,Weekend
1025,2026-03-29,Sunday,March,3,Q1,2026,Weekend
1026,2026-03-30,Monday,March,3,Q1,2026,Weekday
1027,2026-03-31,Tuesday,March,3,Q1,2026,Weekday
1028,2026-04-01,Wednesday,April,4,Q2,2026,Weekday
1029,2026-04-02,Thursday,April,4,Q2,2026,Weekday
1030,2026-04-03,Friday,April,4,Q2,2026,Weekday
1031,2026-04-04,Saturday,April,4,Q2,2026,Weekend
1032,2026-04-05,Sunday,April,4,Q2,2026,Weekend
1033,2026-04-06,Monday,April,4,Q2,2026,Weekday
1034,2026-04-07,Tuesday,April,4,Q2,2026,Weekday
1035,2026-04-08,Wednesday,April,4,Q2,2026,Weekday
1036,2026-04-09,Thursday,April,4,Q2,2026,Weekday
1037,2026-04-10,Friday,April,4,Q2,2026,Weekday
1038,2026-04-11,Saturday,April,4,Q2,2026,Weekend
1039,2026-04-12,Sunday,April,4,Q2,2026,Weekend
1040,2026-04-13,Monday,April,4,Q2,2026,Weekday
1041,2026-04-14,Tuesday,April,4,Q2,2026,Weekday
1042,2026-04-15,Wednesday,April,4,Q2,2026,Weekday
1043,2026-04-16,Thursday,April,4,Q2,2026,Weekday
1044,2026-04-17,Friday,April,4,Q2,2026,Weekday
1045,2026-04-18,Saturday,April,4,Q2,2026,Weekend
1046,2026-04-19,Sunday,April,4,Q2,2026,Weekend
1047,2026-04-20,Monday,April,4,Q2,2026,Weekday
1048,2026-04-21,Tuesday,April,4,Q2,2026,Weekday
1049,2026-04-22,Wednesday,April,4,Q2,2026,Weekday
1050,2026-04-23,Thursday,April,4,Q2,2026,Weekday
1051,2026-04-24,Friday,April,4,Q2,2026,Weekday
1052,2026-04-25,Saturday,April,4,Q2,2026,Weekend
1053,2026-04-26,Sunday,April,4,Q2,2026,Weekend
1054,2026-04-27,Monday,April,4,Q2,2026,Weekday
1055,2026-04-28,Tuesday,April,4,Q2,2026,Weekday
1056,2026-04-29,Wednesday,April,4,Q2,2026,Weekday
1057,2026-04-30,Thursday,April,4,Q2,2026,Weekday
1058,2026-05-01,Friday,May,5,Q2,2026,Weekday
1059,2026-05-02,Saturday,May,5,Q2,2026,Weekend
1060,2026-05-03,Sunday,May,5,Q2,2026,Weekend
1061,2026-05-04,Monday,May,5,Q2,2026,Weekday
1062,2026-05-05,Tuesday,May,5,Q2,2026,Weekday
1063,2026-05-06,Wednesday,May,5,Q2,2026,Weekday
1064,2026-05-07,Thursday,May,5,Q2,2026,Weekday
1065,2026-05-08,Friday,May,5,Q2,2026,Weekday
1066,2026-05-09,Saturday,May,5,Q2,2026,Weekend
1067,2026-05-10,Sunday,May,5,Q2,2026,Weekend
1068,2026-05-11,Monday,May,5,Q2,2026,Weekday
1069,2026-05-12,Tuesday,May,5,Q2,2026,Weekday
1070,2026-05-13,Wednesday,May,5,Q2,2026,Weekday
1071,2026-05-14,Thursday,May,5,Q2,2026,Weekday
1072,2026-05-15,Friday,May,5,Q2,2026,Weekday
1073,2026-05-16,Saturday,May,5,Q2,2026,Weekend
1074,2026-05-17,Sunday,May,5,Q2,2026,Weekend
1075,2026-05-18,Monday,May,5,Q2,2026,Weekday
1076,2026-05-19,Tuesday,May,5,Q2,2026,Weekday
1077,2026-05-20,Wednesday,May,5,Q2,2026,Weekday
1078,2026-05-21,Thursday,May,5,Q2,2026,Weekday
1079,2026-05-22,Friday,May,5,Q2,2026,Weekday
1080,2026-05-23,Saturday,May,5,Q2,2026,Weekend
1081,2026-05-24,Sunday,May,5,Q2,2026,Weekend
1082,2026-05-25,Monday,May,5,Q2,2026,Weekday
1083,2026-05-26,Tuesday,May,5,Q2,2026,Weekday
1084,2026-05-27,Wednesday,May,5,Q2,2026,Weekday
1085,2026-05-28,Thursday,May,5,Q2,2026,Weekday
1086,2026-05-29,Friday,May,5,Q2,2026,Weekday
1087,2026-05-30,Saturday,May,5,Q2,2026,Weekend
1088,2026-05-31,Sunday,May,5,Q2,2026,Weekend
1089,2026-06-01,Monday,June,6,Q2,2026,Weekday
1090,2026-06-02,Tuesday,June,6,Q2,2026,Weekday
1091,2026-06-03,Wednesday,June,6,Q2,2026,Weekday
1092,2026-06-04,Thursday,June,6,Q2,2026,Weekday
1093,2026-06-05,Friday,June,6,Q2,2026,Weekday
1094,2026-06-06,Saturday,June,6,Q2,2026,Weekend
1095,2026-06-07,Sunday,June,6,Q2,2026,Weekend
